imdb_id,found,tmdb_id,tmdb_title,release_date,type,actually_released
tt10337388,True,89719,Joko & Klaas gegen ProSieben,2019-05-28,tv,True
tt10389000,True,114910,Even tot Hier,2019-03-16,tv,True
tt10225276,True,95676,La Isla de las Tentaciones,2020-01-09,tv,True
tt10274478,True,89214,The Fault is Cabral's,2016-07-19,tv,True
tt10601684,True,104465,John and Lisa's Weekend Kitchen,2019-03-31,tv,True
tt10745342,True,90368,The Masked Singer,2019-06-27,tv,True
tt10873784,True,94471,Chateau Meiland,2019-05-20,tv,True
tt10952354,True,218261,Newscast,2020-02-06,tv,True
tt10928084,True,221998,Papo de Segunda,2015-06-08,tv,True
tt10960302,True,94759,Klassen,2019-09-06,tv,True
tt11043554,True,95275,NWA Powerrr,2019-10-08,tv,True
tt11593888,True,121798,Trucker Babes,2017-07-09,tv,True
tt11653906,True,115796,Game of Destiny,2020-01-24,tv,True
tt11434028,True,118392,bald and bankrupt,2018-12-06,tv,True
tt11945412,True,112556,Svenska fall,2018-08-30,tv,True
tt11994042,True,277654,Rikospaikka,2017-02-01,tv,True
tt12020444,True,116865,Joseph & Lindsey,2020-03-24,tv,True
tt12378370,True,105546,Isto é Gozar Com Quem Trabalha,2020-03-01,tv,True
tt12211774,True,102740,Cápák között,2019-02-18,tv,True
tt12522276,True,87357,Gliniarze,2016-08-29,tv,True
tt12698510,True,106914,Die Carolin Kebekus Show,2020-05-21,tv,True
tt12551678,True,111958,Are You Scared?,2020-06-19,tv,True
tt12887524,True,251078,Dead Talk Live,2020-04-25,tv,True
tt13093364,True,68661,Chefi la cuțite,2016-03-07,tv,True
tt13085650,True,108466,All Against All,2020-08-31,tv,True
tt13218362,True,94653,Taskmaster Norway,2019-10-17,tv,True
tt13193312,True,111953,Too Many Spirits,2020-10-08,tv,True
tt13352178,True,121922,Hello Kitty and Friends Supercute Adventures,2020-10-26,tv,True
tt13224534,True,118627,deep und deutlich,2020-10-02,tv,True
tt13563720,True,72090,Åsted Norge,2016-01-25,tv,True
tt13280542,True,122902,Dimension 20's Adventuring Party,2020-04-08,tv,True
tt13648914,True,117057,Wer stiehlt mir die Show?,2021-01-05,tv,True
tt13471320,True,133663,Love Your Weekend with Alan Titchmarsh,2020-09-06,tv,True
tt13729210,True,121190,Radio Mileva,2021-03-09,tv,True
tt13809880,True,116260,Susan Calman's Grand Day Out,2021-01-08,tv,True
tt13972228,True,116133,Go Go Squid 2: Dt.Appledog's Time,2021-02-04,tv,True
tt14271900,True,121878,De Geknipte Gast,2020-02-04,tv,True
tt14167852,True,118274,Sweet The World Sugar,2021-02-13,tv,True
tt14344360,True,124887,The Cook Up with Adam Liaw,2021-04-19,tv,True
tt14435292,True,96665,Kees van der Spek: Oplichters aangepakt,2019-10-29,tv,True
tt14353828,True,272036,Katy Tur Reports,2024-09-20,tv,True
tt14595212,True,128377,Ryan's World Specials presented by pocket.watch,2019-06-15,tv,True
tt14760316,True,132223,"Yes, Chef!",2021-06-17,tv,True
tt14728224,True,203299,A Captain's Log,2021-06-30,tv,True
tt14564802,True,128288,Ermittler!,2018-06-16,tv,True
tt14786934,True,240740,Scarpetta,2026-03-11,tv,True
tt14782352,True,99939,Casualty 24/7: Every Second Counts,2018-09-19,tv,True
tt15303180,True,136166,Lang Leve de Liefde,2020-01-20,tv,True
tt15375572,True,115939,Media Inside,2021-01-03,tv,True
tt15385850,True,133346,The Flight Attendants,2021-09-06,tv,True
tt15407348,True,137059,MaiThink X – Die Show,2021-10-24,tv,True
tt15553638,True,130887,The Hundred with Andy Lee,2021-08-10,tv,True
tt15569214,True,198044,GENO Kids - Cartoons & Nursery Rhymes,2021-07-15,tv,True
tt15521024,True,133781,Motorway Cops: Catching Britain's Speeders,2021-09-20,tv,True
tt16636212,True,157271,Godparents,2022-02-07,tv,True
tt16960858,True,208992,Supa Strikas - Rookie Season,2021-12-03,tv,True
tt17040736,True,155853,Yalnizim Mesut Bey,2022-01-15,tv,True
tt19882338,True,206550,The Devil's Promise,2022-09-16,tv,True
tt21102560,True,238828,Då är vi igång,2021-09-23,tv,True
tt21107976,True,229763,Eleanor's Bench,2023-06-30,tv,True
tt17071300,True,281720,Humberto,2021-01-10,tv,True
tt21152352,True,258268,Koppieteefontein,2021-10-01,tv,True
tt21267394,True,205955,Icons Unearthed: Star Wars,2022-07-12,tv,True
tt21245182,True,100054,I Like to Watch,2019-11-21,tv,True
tt22001308,True,249520,Andrew Zimmern's Wild Game Kitchen,2022-09-19,tv,True
tt21997390,True,153663,The Land of the Cyclops,2021-09-09,tv,True
tt22688206,True,219802,Strula,2021-04-01,tv,True
tt23723472,True,287655,Miss/Match,2022-09-28,tv,True
tt24580850,True,219269,Reschke Fernsehen,2023-02-02,tv,True
tt22884770,True,218981,Bjørnis,2021-09-23,tv,True
tt25150800,True,212496,Projecte BETA. La sèrie,2022-10-10,tv,True
tt23030000,True,258321,Jet Lag: The Game,2022-05-25,tv,True
tt26242748,True,113371,Svenska Truckers,2019-08-12,tv,True
tt26740963,True,277686,Pehredaar,2022-09-30,tv,True
tt26255118,True,125006,Big Brother Brasil: A Eliminação,2003-01-21,tv,True
tt26692417,True,220150,Pokémon Horizons,2023-04-14,tv,True
tt27004309,True,138265,Snacked,2021-07-20,tv,True
tt26996360,True,137568,Kriminalarkivet med Pops och Lampers,2021-10-30,tv,True
tt27486734,True,261587,Kovan viikon ilta,2023-04-15,tv,True
tt27564441,True,217650,"Dunaj, k vašim službám",2023-01-10,tv,True
tt27497448,True,224372,A Knight of the Seven Kingdoms,2026-01-18,tv,True
tt27582860,True,232429,Project Fear,2023-06-23,tv,True
tt27722691,True,297699,The Lesbian Homie,2023-06-16,tv,True
tt27814427,True,307991,Skibidi Toilet,2023-02-07,tv,True
tt27727071,True,232139,Huisgenoot: Ware Lewensdramas,2017-07-27,tv,True
tt27845136,True,254345,Exploring Mexico's Kitchen with Rick Bayless,2023-06-01,tv,True
tt27936959,True,238839,Matrimonio A Prima Vista Italia,2019-09-04,tv,True
tt27954677,True,112915,Familie Gillis: Massa is Kassa,2020-08-21,tv,True
tt28312893,True,295279,Heat Eaters,2023-07-10,tv,True
tt28689687,True,232869,Mickey Mouse Clubhouse+,2025-07-21,tv,True
tt29261323,True,236445,Campus Beats,2023-09-21,tv,True
tt29626152,True,278301,Crown Street 11,2024-09-30,tv,True
tt28862450,True,233928,The Traitors Sweden,2023-09-02,tv,True
tt29598192,True,131975,Nemocnica,2021-08-24,tv,True
tt30291706,True,252409,Des idées de grandeur dans ma maison,2023-01-03,tv,True
tt30392956,True,123345,Crime Time,2020-02-27,tv,True
tt30926850,True,274066,Rangeen Kahaniyan,2024-01-16,tv,True
tt30954380,True,298819,Dish It Out,2025-09-05,tv,True
tt30790577,True,260497,Dus June Kii Raat,2024-08-04,tv,True
tt30817113,True,253976,Klankbank,2023-04-21,tv,True
tt31122862,True,284903,Sneaker Shopping,2024-02-02,tv,True
tt31023273,True,281714,Late Xou con Marc Giró,2023-10-09,tv,True
tt31243006,True,220983,Roni and Tom,2023-02-12,tv,True
tt31137273,True,245318,Margo's Got Money Troubles,2026-04-14,tv,True
tt31614361,True,246034,De Oranjezondag,2024-03-10,tv,True
tt31790088,True,97891,Krejlerkongen,2015-08-03,tv,True
tt31974288,True,250505,Agatha Christie's Seven Dials,2026-01-15,tv,True
tt32106115,True,271134,Hier Sit Die Manne,2023-06-21,tv,True
tt31937954,True,108181,Imperfect Women,2026-03-17,tv,True
tt32119132,True,278702,A Sentença,2024-04-15,tv,True
tt32481530,True,256564,Congela,2024-06-08,tv,True
tt32229555,True,298685,Zhong,2019-08-04,tv,True
tt33088373,True,307632,Disney's Road Trip,2024-08-03,tv,True
tt33363120,True,296810,Teenage Boss: Next Level,2024-10-12,tv,True
tt33783201,True,278699,Funtástico,2024-11-17,tv,True
tt34476935,True,91901,Mittendrin - Flughafen Frankfurt,2019-01-23,tv,True
tt34163451,True,275892,Παιχνίδια Εκδίκησης,2024-11-01,tv,True
tt3422854,True,62095,Texas Flip and Move,2015-01-16,tv,True
tt35544092,True,282803,Murder UK,2025-01-14,tv,True
tt35498959,True,282644,Heart of the Dawn,2025-09-21,tv,True
tt35707374,True,291339,Memory of a Killer,2026-01-25,tv,True
tt35682154,True,284019,Pasjača,2025-02-10,tv,True
tt35725528,True,218078,Leo talks,2023-01-10,tv,True
tt35665832,True,281192,Special Ops: To Catch A Criminal,2025-01-05,tv,True
tt35887884,True,297568,The Mochas Eye,2025-03-23,tv,True
tt36123536,True,158414,Ding Dong – Zeig mir dein Zuhause!,2020-07-03,tv,True
tt36517683,True,301535,Lollapalooza Brasil,2025-03-28,tv,True
tt36689236,True,291080,The Weeknight,2025-05-05,tv,True
tt36822350,True,297372,The Impossible Case: Final Look,2025-05-15,tv,True
tt37278042,True,301631,Tre Kronor - The Hunt for World Championship Gold,2025-09-26,tv,True
tt37241358,True,293445,Sevier Heights,2025-06-01,tv,True
tt37272610,True,292180,Vetkoekpaleis 3,2025-05-22,tv,True
tt37858179,True,281655,"Ana, You're in My DNA",2025-01-09,tv,True
tt38736987,True,76772,Frozen Roads,2018-01-30,tv,True
tt39267855,True,309591,The Masterminds: Full Cut,2026-01-01,tv,True
tt4437104,True,74337,Gogglebox Australia,2015-02-11,tv,True
tt5516814,True,223270,Handwerkskunst!,2015-10-16,tv,True
tt5461832,True,241728,Sohvaperunat,2015-02-27,tv,True
tt6230698,True,279837,Arizona Illustrated,2014-08-22,tv,True
tt6015820,True,67329,Bottersnikes & Gumbles,2016-07-25,tv,True
tt6093746,True,76908,Pitääkö olla huolissaan?,2016-09-29,tv,True
tt7670568,True,84910,The Masked Singer,2019-01-02,tv,True
tt6293468,True,81440,Traffic Cops,2016-11-14,tv,True
tt6713768,True,70899,"Rich House, Poor House",2017-03-30,tv,True
tt7917804,True,85959,Lombard. Życie pod zastaw,2017-09-04,tv,True
tt6778324,True,87310,The Pit Stop,2016-03-08,tv,True
tt8141342,True,279550,DTK: Elviszlek magammal,2015-10-07,tv,True
tt8135220,True,87449,Sprawiedliwi - Wydział kryminalny,2016-09-05,tv,True
tt8152776,True,77709,Svenska nyheter,2018-03-09,tv,True
tt8488830,True,221523,Celebrity Catchphrase,2018-06-17,tv,True
tt8622160,True,223530,Star Trek: Starfleet Academy,2026-01-15,tv,True
tt8948264,True,246631,vDud,2017-02-07,tv,True
tt9165512,True,86882,Love & Marriage Huntsville,2019-01-12,tv,True
tt9066038,True,223036,Peston,2018-09-26,tv,True
tt9355244,True,86725,Çok Güzel Hareketler 2,2019-02-10,tv,True
tt9373254,True,13975,Miley's New Year's Eve Party,2004-12-31,tv,True
tt9646546,True,89180,Dimension 20,2018-09-19,tv,True
tt9635782,True,133574,Över Atlanten,2019-08-20,tv,True
tt9690112,True,126565,"Um, Actually...",2018-09-28,tv,True
tt12369724,True,748763,Verity,2020-05-22,movie,True
tt15489444,True,877812,Verity,2010-12-06,movie,True
tt29612071,True,1276521,Charlie the Wonderdog,2025-10-24,movie,True
tt8270746,True,1225835,শূন্যতা,2017-04-21,movie,True
tt27047903,True,1159559,Scream 7,2026-02-25,movie,True
tt16911616,True,1115030,Animal Friends,2026-05-01,movie,True
tt27165187,True,1101383,Untitled David Robert Mitchell Film,2026-08-12,movie,True
tt27200708,True,1102883,Mother Mary,2026-04-24,movie,True
tt36160265,True,1509728,Dopo la sigaretta,2025-10-01,movie,True
tt0084311,True,323159,Mother Mary,1982-11-01,movie,True
tt32558705,True,1300968,The Hunger Games: Sunrise on the Reaping,2026-11-18,movie,True
tt1117392,True,423968,The Ark and the Aardvark,2026-04-30,movie,True
tt5835938,True,1355413,Pela Adhi Akshar,2017-03-24,movie,True
